feature,importance
kmer_CACT,0.090410106
kmer_AGGG,0.06922813
kmer_ACTC,0.047329567
codon_bias_score,0.04715371
codon_ATC,0.044105873
length_bp,0.033707287
kmer_GAGA,0.029875824
codon_GAG,0.028417347
kmer_CGGA,0.027883613
kmer_GAGC,0.024455858
kmer_AGTG,0.023925636
kmer_GGG,0.023518093
kmer_CCGG,0.023066223
kmer_CAAA,0.02293193
codon_AAA,0.021793228
kmer_CGAG,0.021643616
kmer_CATA,0.021413634
homopolymer_C_count,0.021219283
kmer_TACC,0.019580312
max_orf_length,0.01931836
kmer_CCA,0.0193072
codon_TCG,0.016623275
sequence_entropy,0.01624177
codon_AGC,0.015832527
kmer_GTC,0.015786571
codon_GAT,0.014587015
codon_TGA,0.014138142
kmer_CCAA,0.01393756
kmer_AGAG,0.01292727
kmer_GTAC,0.012146439
kmer_GCTG,0.012105701
kmer_CATG,0.011861274
gc_skew,0.011651927
kmer_CAT,0.011100587
codon_TCT,0.010584956
kmer_AC,0.010404116
kmer_AGCG,0.0084967
kmer_CAA,0.008152292
kmer_GATC,0.00792917
kmer_GTTA,0.006987028
codon_ACG,0.006935856
kmer_GA,0.006616214
kmer_CAGA,0.006212946
kmer_TTC,0.006202616
kmer_GTAA,0.0061571915
codon_GTG,0.006116316
kmer_TGGT,0.0059867897
kmer_CGGG,0.0059499773
codon_GCT,0.0053663794
kmer_GAAT,0.005137402
kmer_GCT,0.00473482
codon_GTA,0.0044154306
kmer_CCTG,0.00431522
kmer_ATCC,0.0038615298
kmer_ATTC,0.003208579
kmer_ATGG,0.003194699
gc_content_pct,0.0016500058
codon_TAC,0.0011321777
kmer_CAC,0.00050605414
kmer_CAAC,0.0004583374
kmer_GACC,6.2299594e-05
kmer_ACA,0.0
kmer_ACC,0.0
kmer_ACG,0.0
kmer_ACT,0.0
kmer_AGA,0.0
kmer_AGC,0.0
kmer_AGG,0.0
kmer_AGT,0.0
kmer_ATC,0.0
kmer_ATG,0.0
kmer_CAG,0.0
codon_TTG,0.0
kmer_CCC,0.0
kmer_CCT,0.0
kmer_CGA,0.0
kmer_CGG,0.0
kmer_CGT,0.0
kmer_CTA,0.0
kmer_CTC,0.0
kmer_CTG,0.0
kmer_CTT,0.0
kmer_GAA,0.0
kmer_GAC,0.0
kmer_GAG,0.0
kmer_GAT,0.0
kmer_GCA,0.0
kmer_GCG,0.0
kmer_GGA,0.0
kmer_GGT,0.0
kmer_GTA,0.0
kmer_GTG,0.0
kmer_GTT,0.0
kmer_TAC,0.0
kmer_TAG,0.0
kmer_TCA,0.0
kmer_TCC,0.0
kmer_TCG,0.0
kmer_TCT,0.0
kmer_TGA,0.0
kmer_TGC,0.0
kmer_TGG,0.0
kmer_TGT,0.0
kmer_TTG,0.0
kmer_AAAC,0.0
kmer_AAAG,0.0
kmer_AAAT,0.0
kmer_AACA,0.0
kmer_AACC,0.0
kmer_AACG,0.0
kmer_AACT,0.0
kmer_AAGA,0.0
kmer_AAGC,0.0
kmer_AAGG,0.0
kmer_AAGT,0.0
kmer_AATC,0.0
kmer_AATG,0.0
kmer_ACAA,0.0
kmer_ACAC,0.0
kmer_ACAG,0.0
kmer_ACAT,0.0
kmer_ACCA,0.0
kmer_ACCC,0.0
kmer_ACCT,0.0
kmer_ACGA,0.0
kmer_ACGC,0.0
kmer_ACGG,0.0
kmer_ACGT,0.0
kmer_ACTA,0.0
kmer_ACTG,0.0
kmer_ACTT,0.0
kmer_AGAA,0.0
kmer_AGAC,0.0
kmer_AGAT,0.0
kmer_AGCA,0.0
kmer_AGCC,0.0
kmer_AGCT,0.0
kmer_AGGA,0.0
kmer_AGGC,0.0
kmer_AGGT,0.0
kmer_AGTA,0.0
kmer_AGTC,0.0
kmer_AGTT,0.0
kmer_ATAC,0.0
kmer_ATAG,0.0
kmer_ATAT,0.0
kmer_ATCA,0.0
kmer_ATCG,0.0
kmer_ATCT,0.0
kmer_ATGA,0.0
kmer_ATGC,0.0
kmer_ATGT,0.0
kmer_ATTA,0.0
kmer_ATTG,0.0
kmer_CAAG,0.0
kmer_CAAT,0.0
kmer_CACA,0.0
kmer_CACC,0.0
kmer_CACG,0.0
kmer_CAGC,0.0
kmer_CAGG,0.0
kmer_CAGT,0.0
kmer_CATC,0.0
kmer_CATT,0.0
kmer_CCAC,0.0
kmer_CCAG,0.0
kmer_CCAT,0.0
kmer_CCCA,0.0
kmer_CCCG,0.0
kmer_CCCT,0.0
kmer_CCGA,0.0
kmer_CCGT,0.0
kmer_CCTA,0.0
kmer_CCTT,0.0
kmer_CGAA,0.0
kmer_CGAC,0.0
kmer_CGAT,0.0
kmer_CGCA,0.0
kmer_CGCC,0.0
kmer_CGCG,0.0
kmer_CGCT,0.0
kmer_CGGC,0.0
kmer_CGTA,0.0
kmer_CGTC,0.0
kmer_CGTG,0.0
kmer_CGTT,0.0
kmer_CTAA,0.0
kmer_CTAC,0.0
kmer_CTAG,0.0
kmer_CTAT,0.0
kmer_CTCA,0.0
kmer_CTCC,0.0
kmer_CTCG,0.0
kmer_CTCT,0.0
kmer_CTGA,0.0
kmer_CTGC,0.0
kmer_CTGG,0.0
kmer_CTGT,0.0
kmer_CTTA,0.0
kmer_CTTC,0.0
kmer_CTTG,0.0
kmer_CTTT,0.0
kmer_GAAA,0.0
kmer_GAAC,0.0
kmer_GAAG,0.0
n_content_pct,0.0
kmer_GACA,0.0
a_frequency,0.0
kmer_GACG,0.0
kmer_GACT,0.0
t_frequency,0.0
at_skew,0.0
kmer_GAGG,0.0
kmer_GAGT,0.0
kmer_GATA,0.0
codon_GTC,0.0
kmer_GATG,0.0
kmer_GATT,0.0
kmer_GCAA,0.0
kmer_GCAC,0.0
kmer_GCAG,0.0
kmer_GCAT,0.0
kmer_GCCA,0.0
kmer_GCCC,0.0
kmer_GCCG,0.0
kmer_GCCT,0.0
kmer_GCGA,0.0
kmer_GCGC,0.0
kmer_GCGG,0.0
kmer_GCGT,0.0
kmer_GCTA,0.0
kmer_GCTC,0.0
codon_CTG,0.0
kmer_GCTT,0.0
kmer_GGAA,0.0
kmer_GGAC,0.0
kmer_GGAG,0.0
kmer_GGAT,0.0
kmer_GGCA,0.0
kmer_GGCC,0.0
kmer_GGCG,0.0
kmer_GGCT,0.0
kmer_GGGA,0.0
kmer_GGGG,0.0
kmer_GGGT,0.0
kmer_GGTA,0.0
kmer_GGTG,0.0
kmer_GGTT,0.0
codon_CTT,0.0
codon_GAA,0.0
kmer_GTAG,0.0
kmer_GTAT,0.0
kmer_GTCA,0.0
kmer_GTCC,0.0
kmer_GTCG,0.0
kmer_GTCT,0.0
kmer_GTGA,0.0
kmer_GTGC,0.0
kmer_GTGG,0.0
kmer_GTGT,0.0
codon_GAC,0.0
kmer_GTTC,0.0
kmer_GTTG,0.0
kmer_GTTT,0.0
kmer_TAAC,0.0
kmer_TAAG,0.0
kmer_TACA,0.0
codon_GCA,0.0
kmer_TACG,0.0
kmer_TACT,0.0
kmer_TAGA,0.0
kmer_TAGC,0.0
kmer_TAGG,0.0
kmer_TAGT,0.0
kmer_TATA,0.0
kmer_TATC,0.0
kmer_TATG,0.0
kmer_TCAA,0.0
kmer_TCAC,0.0
kmer_TCAG,0.0
kmer_TCAT,0.0
kmer_TCCA,0.0
kmer_TCCC,0.0
kmer_TCCG,0.0
kmer_TCCT,0.0
kmer_TCGA,0.0
kmer_TCGC,0.0
kmer_TCGT,0.0
kmer_TCTA,0.0
kmer_TCTC,0.0
kmer_TCTG,0.0
kmer_TCTT,0.0
kmer_TGAA,0.0
kmer_TGAC,0.0
kmer_TGAG,0.0
kmer_TGAT,0.0
kmer_TGCA,0.0
kmer_TGCC,0.0
kmer_TGCG,0.0
kmer_TGCT,0.0
kmer_TGGA,0.0
kmer_TGGC,0.0
kmer_TGGG,0.0
codon_GCC,0.0
kmer_TGTA,0.0
kmer_TGTC,0.0
kmer_TGTG,0.0
kmer_TGTT,0.0
kmer_TTAC,0.0
kmer_TTAG,0.0
kmer_TTCA,0.0
kmer_TTCC,0.0
kmer_TTCG,0.0
kmer_TTCT,0.0
kmer_TTGA,0.0
kmer_TTGC,0.0
kmer_TTGG,0.0
kmer_TTGT,0.0
kmer_TTTC,0.0
kmer_TTTG,0.0
codon_GCG,0.0
codon_AAC,0.0
codon_AAG,0.0
codon_ACA,0.0
codon_ACC,0.0
codon_GGA,0.0
codon_ACT,0.0
codon_AGA,0.0
codon_GGC,0.0
codon_AGG,0.0
codon_AGT,0.0
codon_ATA,0.0
codon_GGT,0.0
codon_ATG,0.0
codon_CAA,0.0
codon_CAC,0.0
codon_CAG,0.0
codon_CAT,0.0
codon_CCA,0.0
codon_CCG,0.0
codon_CCT,0.0
codon_CGA,0.0
codon_CGG,0.0
codon_CGT,0.0
codon_CTA,0.0
homopolymer_max_length,0.0
codon_GTT,0.0
codon_TAA,0.0
codon_CTC,0.0
codon_TAG,0.0
codon_TAT,0.0
codon_TCA,0.0
codon_TCC,0.0
kmer_GC,0.0
kmer_GG,0.0
kmer_GT,0.0
codon_TGC,0.0
codon_TGG,0.0
codon_TGT,0.0
codon_TTC,0.0
kmer_TA,0.0
kmer_CT,0.0
kmer_TC,0.0
repeat_density,0.0
coding_fraction,0.0
average_orf_length,0.0
kmer_TG,0.0
codon_adaptation_index,0.0
kmer_AAC,0.0
gc1_pct,0.0
gc2_pct,0.0
gc3_pct,0.0
kmer_AAG,0.0
kmer_AG,0.0
kmer_CA,0.0
kmer_CG,0.0
homopolymer_mean_length,0.0
